{
  "project_info": {
    "project_number": "129369467226",
    "project_id": "test-530ab",
    "storage_bucket": "test-530ab.appspot.com"
  },
  "client": [
    {
      "client_info": {
        "mobilesdk_app_id": "1:129369467226:android:8b26a97d7bfb8b85472b63",
        "android_client_info": {
          "package_name": "com.jiande.hospital"
        }
      },
      "oauth_client": [
        {
          "client_id": "129369467226-lunks3jp3lkuuq57iqgpde4q6it1lihg.apps.googleusercontent.com",
          "client_type": 3
        }
      ],
      "api_key": [
        {
          "current_key": "AIzaSyAxxCGfeEE2CUejrK_1g0-71Mhw1jbPeeM"
        }
      ],
      "services": {
        "appinvite_service": {
          "other_platform_oauth_client": [
            {
              "client_id": "129369467226-lunks3jp3lkuuq57iqgpde4q6it1lihg.apps.googleusercontent.com",
              "client_type": 3
            }
          ]
        }
      }
    }
  ],
  "configuration_version": "1"
}